Product,Description,Brand,Engine,Style,Color
P10010,1.2 LT Sedan Gunmetal,Acura,1.2 LT,Sedan,Red
P10011,1.2 LT Coupe Silver,Lexus,1.2 LT,Coupe,Grey
P10016,2.2 LT Sedan Red,BMW,2.2 LT,Sedan,Gunmetal
P10017,2.4 LT SUV Grey,Honda,2.4 LT,SUV,Grey
P10028,2.4 LT Coupe Red,Acura,2.4 LT,Coupe,Red
P10029,2.4 LT Sedan White,Honda,2.4 LT,Sedan,Grey
P10030,1.2 LT Coupe White,Acura,1.2 LT,Coupe,Gunmetal
P10032,2.4 LT Hatchback Gunmetal,Honda,2.4 LT,Hatchback,Grey
P10038,1.2 LT Sedan Grey,Lexus,1.2 LT,Sedan,Silver
P10040,2.4 LT Sedan White,Toyota,2.4 LT,Sedan,Grey
P10041,2.4 LT Coupe Grey,Kia,2.4 LT,Coupe,Red
P10042,2.4 LT SUV Red,Acura,2.4 LT,SUV,Grey
P10043,1.2 LT Sedan Grey,Benz,1.2 LT,Sedan,Silver
P10044,2.4 LT Hatchback Grey,BMW,2.4 LT,Hatchback,Gunmetal
P10045,2.2 LT Sedan White,Toyota,2.2 LT,Sedan,Red
P10048,2.4 LT Hatchback White,BMW,2.4 LT,Hatchback,Silver
P10049,2.4 LT SUV Grey,Toyota,2.4 LT,SUV,Silver
P10052,2.2 LT Sedan Gunmetal,Audi,2.2 LT,Sedan,White
P10053,2.4 LT Coupe Red,Lexus,2.4 LT,Coupe,Gunmetal
P10056,2.4 LT Sedan White,Honda,2.4 LT,Sedan,Red
P10057,1.2 LT Hatchback Silver,Kia,1.2 LT,Hatchback,Silver
P10058,1.4 LT Coupe Gunmetal,Benz,1.4 LT,Coupe,White
P10059,1.4 LT Hatchback Grey,Kia,1.4 LT,Hatchback,Red
P10064,1.4 LT SUV White,Kia,1.4 LT,SUV,Gunmetal
P10069,1.4 LT SUV White,Audi,1.4 LT,SUV,Red
P10071,2.2 LT Sedan Silver,Lexus,2.2 LT,Sedan,Silver
P10072,2.4 LT Coupe Gunmetal,BMW,2.4 LT,Coupe,Gunmetal
P10073,2.2 LT Hatchback Gunmetal,Honda,2.2 LT,Hatchback,Grey
P10074,1.4 LT SUV Gunmetal,Honda,1.4 LT,SUV,Silver
P10075,1.4 LT Coupe Silver,Honda,1.4 LT,Coupe,Silver
P10076,1.2 LT Sedan Gunmetal,Kia,1.2 LT,Sedan,Red
P10077,2.2 LT Hatchback Grey,Lexus,2.2 LT,Hatchback,White
P10093,1.2 LT Hatchback Silver,Lexus,1.2 LT,Hatchback,Gunmetal
P10096,2.2 LT Hatchback Grey,Honda,2.2 LT,Hatchback,White
P10097,1.2 LT Hatchback Silver,Lexus,1.2 LT,Hatchback,Red
P10100,1.2 LT SUV White,Audi,1.2 LT,SUV,Grey
P10101,1.2 LT Hatchback Gunmetal,Toyota,1.2 LT,Hatchback,Red
P10106,1.4 LT Sedan Grey,Lexus,1.4 LT,Sedan,White
P10107,1.4 LT Coupe Gunmetal,Lexus,1.4 LT,Coupe,Red
P10110,2.2 LT Hatchback Silver,Kia,2.2 LT,Hatchback,White
P10111,2.4 LT Coupe Grey,BMW,2.4 LT,Coupe,Gunmetal
P10113,2.2 LT SUV Silver,Toyota,2.2 LT,SUV,White
P10114,2.2 LT Coupe Gunmetal,Acura,2.2 LT,Coupe,Grey
P10121,1.2 LT SUV Grey,Acura,1.2 LT,SUV,White
P10127,2.4 LT Coupe White,Benz,2.4 LT,Coupe,Grey
P10128,1.4 LT Sedan White,Toyota,1.4 LT,Sedan,Grey
P10138,1.4 LT Coupe Grey,Acura,1.4 LT,Coupe,Gunmetal
P10139,1.2 LT Hatchback Gunmetal,Toyota,1.2 LT,Hatchback,Silver
P10145,2.4 LT Hatchback Grey,Honda,2.4 LT,Hatchback,Red
P10146,1.2 LT Coupe Silver,BMW,1.2 LT,Coupe,Red
P10147,1.2 LT SUV Gunmetal,BMW,1.2 LT,SUV,White
P10148,1.2 LT Coupe Gunmetal,Toyota,1.2 LT,Coupe,Red
P10149,2.4 LT SUV Silver,Benz,2.4 LT,SUV,Grey
P10150,1.2 LT Hatchback Grey,Acura,1.2 LT,Hatchback,White
P10151,2.4 LT Sedan Red,Benz,2.4 LT,Sedan,Gunmetal
P10152,1.4 LT Coupe Grey,Acura,1.4 LT,Coupe,Gunmetal
P10153,1.4 LT Sedan Grey,Audi,1.4 LT,Sedan,Red
P10154,2.4 LT SUV Grey,Kia,2.4 LT,SUV,Gunmetal
P10155,1.4 LT Sedan Red,BMW,1.4 LT,Sedan,Gunmetal
P10158,2.2 LT SUV Silver,Toyota,2.2 LT,SUV,Red
P10159,2.4 LT Sedan Gunmetal,Toyota,2.4 LT,Sedan,Silver
P10160,1.2 LT Coupe Gunmetal,Acura,1.2 LT,Coupe,Silver
P10161,2.2 LT Sedan Grey,BMW,2.2 LT,Sedan,Red
P10162,2.2 LT Coupe White,Benz,2.2 LT,Coupe,Gunmetal
P10168,1.4 LT SUV White,Audi,1.4 LT,SUV,Silver
P10169,2.2 LT Sedan Grey,Kia,2.2 LT,Sedan,Gunmetal
P10170,1.4 LT Coupe Gunmetal,Kia,1.4 LT,Coupe,Gunmetal
P10172,1.2 LT SUV Red,Audi,1.2 LT,SUV,Red
P10173,2.4 LT Coupe Red,Acura,2.4 LT,Coupe,Red
P10176,1.2 LT Sedan Grey,Lexus,1.2 LT,Sedan,Grey
P10181,2.2 LT Sedan Grey,Lexus,2.2 LT,Sedan,Red
P10186,1.4 LT Coupe White,Kia,1.4 LT,Coupe,Grey
P10187,1.2 LT SUV Gunmetal,Acura,1.2 LT,SUV,Gunmetal
P10188,2.4 LT Hatchback White,Acura,2.4 LT,Hatchback,Red
P10189,1.2 LT Hatchback Red,Benz,1.2 LT,Hatchback,White
P10192,2.4 LT Hatchback White,Audi,2.4 LT,Hatchback,Gunmetal
P10193,1.4 LT Coupe Gunmetal,Kia,1.4 LT,Coupe,Silver
P10194,2.4 LT SUV Grey,Honda,2.4 LT,SUV,Gunmetal
P10195,2.4 LT Hatchback White,Benz,2.4 LT,Hatchback,Grey
P10197,1.2 LT Coupe Silver,Acura,1.2 LT,Coupe,Gunmetal
P10198,2.2 LT SUV Grey,Audi,2.2 LT,SUV,Silver
P10199,1.4 LT Hatchback Gunmetal,Lexus,1.4 LT,Hatchback,White
P10200,2.2 LT Hatchback Grey,Toyota,2.2 LT,Hatchback,White
P10201,1.4 LT Sedan Silver,BMW,1.4 LT,Sedan,Grey
P10202,1.2 LT SUV Red,Toyota,1.2 LT,SUV,Gunmetal
P10203,1.4 LT Sedan Red,Acura,1.4 LT,Sedan,White
P10204,2.4 LT Hatchback Red,Toyota,2.4 LT,Hatchback,Silver
P10205,2.4 LT SUV Silver,Honda,2.4 LT,SUV,Red
P10208,2.4 LT Hatchback White,Kia,2.4 LT,Hatchback,Grey
P10209,1.4 LT SUV Gunmetal,Kia,1.4 LT,SUV,Red
P10210,2.2 LT Coupe Silver,Toyota,2.2 LT,Coupe,Grey
P10212,1.2 LT Coupe Silver,Lexus,1.2 LT,Coupe,Grey
P10213,2.2 LT Sedan White,Kia,2.2 LT,Sedan,White
P10214,1.4 LT Hatchback White,Acura,1.4 LT,Hatchback,Gunmetal
P10216,1.2 LT Hatchback Gunmetal,Lexus,1.2 LT,Hatchback,Grey
P10219,2.2 LT Hatchback Gunmetal,Toyota,2.2 LT,Hatchback,Grey
P10230,2.2 LT SUV Gunmetal,Kia,2.2 LT,SUV,Grey
P10233,2.2 LT Sedan Grey,Toyota,2.2 LT,Sedan,Red
P10235,1.4 LT Sedan White,Lexus,1.4 LT,Sedan,Silver
P10238,2.2 LT Sedan Gunmetal,Lexus,2.2 LT,Sedan,White
P10242,1.2 LT Sedan White,Kia,1.2 LT,Sedan,Silver
P10243,2.4 LT Sedan Grey,Honda,2.4 LT,Sedan,Silver
P10244,1.2 LT Coupe Grey,Audi,1.2 LT,Coupe,Gunmetal
P10245,2.4 LT Sedan Red,Lexus,2.4 LT,Sedan,Grey
P10246,2.4 LT SUV Gunmetal,BMW,2.4 LT,SUV,Silver
P10247,1.2 LT Coupe Gunmetal,Acura,1.2 LT,Coupe,Grey
P10249,1.2 LT SUV White,Kia,1.2 LT,SUV,Red
P10250,1.2 LT Hatchback White,Kia,1.2 LT,Hatchback,Grey
P10252,1.4 LT Coupe White,Kia,1.4 LT,Coupe,Red
P10254,1.2 LT Hatchback White,Toyota,1.2 LT,Hatchback,Silver
P10263,1.4 LT Hatchback Grey,Benz,1.4 LT,Hatchback,Gunmetal
P10264,2.2 LT Sedan Grey,Kia,2.2 LT,Sedan,Grey
P10265,2.2 LT Hatchback Gunmetal,Honda,2.2 LT,Hatchback,Gunmetal
P10266,2.4 LT Hatchback White,Toyota,2.4 LT,Hatchback,White
P10267,1.4 LT Hatchback Gunmetal,Lexus,1.4 LT,Hatchback,Red
P10269,1.2 LT Hatchback Grey,Acura,1.2 LT,Hatchback,Red
P10270,2.4 LT Hatchback Silver,Acura,2.4 LT,Hatchback,Grey
P10272,1.4 LT SUV Gunmetal,Benz,1.4 LT,SUV,White
P10273,2.4 LT Hatchback Red,Honda,2.4 LT,Hatchback,Red
P10277,1.4 LT SUV Gunmetal,Honda,1.4 LT,SUV,Grey
P10278,2.2 LT Coupe White,Audi,2.2 LT,Coupe,Gunmetal
P10280,1.2 LT SUV Silver,Honda,1.2 LT,SUV,Red
P10281,1.2 LT Sedan Grey,Benz,1.2 LT,Sedan,Gunmetal
P10282,2.4 LT Coupe Grey,Lexus,2.4 LT,Coupe,Silver
P10283,2.4 LT Coupe White,Audi,2.4 LT,Coupe,Silver
P10284,2.2 LT SUV Grey,Lexus,2.2 LT,SUV,Red
P10285,1.2 LT Sedan Grey,Honda,1.2 LT,Sedan,Grey
P10286,1.2 LT Hatchback Silver,Audi,1.2 LT,Hatchback,Grey
P10287,1.4 LT SUV Red,Kia,1.4 LT,SUV,Red
P10288,1.4 LT Hatchback Gunmetal,Kia,1.4 LT,Hatchback,White
P10291,2.4 LT Sedan Grey,Benz,2.4 LT,Sedan,White
P10292,1.4 LT SUV White,Kia,1.4 LT,SUV,Red
P10293,1.2 LT Coupe Grey,Toyota,1.2 LT,Coupe,Gunmetal
P10294,1.4 LT Hatchback Gunmetal,BMW,1.4 LT,Hatchback,Silver
P10296,2.4 LT Hatchback Red,Lexus,2.4 LT,Hatchback,Grey
P10297,2.4 LT Sedan Red,BMW,2.4 LT,Sedan,Silver
P10298,2.2 LT Coupe Silver,Kia,2.2 LT,Coupe,Red
P10301,2.4 LT Sedan Silver,Audi,2.4 LT,Sedan,Gunmetal
P10302,2.2 LT SUV Red,BMW,2.2 LT,SUV,White
P10303,2.2 LT Hatchback Gunmetal,BMW,2.2 LT,Hatchback,White
P10304,2.4 LT SUV Gunmetal,Toyota,2.4 LT,SUV,White
P10305,2.4 LT SUV Red,BMW,2.4 LT,SUV,Gunmetal
P10309,2.2 LT Hatchback Gunmetal,Audi,2.2 LT,Hatchback,White
P10311,1.4 LT Hatchback Red,Kia,1.4 LT,Hatchback,Silver
P10316,2.4 LT SUV Gunmetal,Benz,2.4 LT,SUV,Grey
P10321,2.2 LT SUV Silver,BMW,2.2 LT,SUV,Red
P10324,2.2 LT Hatchback Grey,Benz,2.2 LT,Hatchback,Grey
P10325,2.4 LT Sedan White,Kia,2.4 LT,Sedan,Red
P10326,2.2 LT Coupe White,Benz,2.2 LT,Coupe,Silver
P10328,2.2 LT Coupe Grey,Acura,2.2 LT,Coupe,White
P10329,2.2 LT Sedan Grey,Audi,2.2 LT,Sedan,White
P10332,1.2 LT SUV Silver,Lexus,1.2 LT,SUV,Gunmetal
P10333,1.2 LT Coupe Gunmetal,Toyota,1.2 LT,Coupe,Silver
P10341,1.4 LT Sedan Silver,Acura,1.4 LT,Sedan,Red
P10342,2.2 LT Hatchback Gunmetal,Kia,2.2 LT,Hatchback,Grey
P10345,1.4 LT Sedan White,BMW,1.4 LT,Sedan,White
P10346,1.2 LT SUV Silver,Kia,1.2 LT,SUV,Silver
P10349,1.2 LT Coupe Silver,Kia,1.2 LT,Coupe,Gunmetal
P10350,2.4 LT Sedan White,BMW,2.4 LT,Sedan,White
P10351,2.4 LT SUV Red,Honda,2.4 LT,SUV,Gunmetal
P10352,2.2 LT Hatchback Silver,Acura,2.2 LT,Hatchback,Silver
P10355,1.4 LT Hatchback White,Benz,1.4 LT,Hatchback,Silver
P10356,2.4 LT SUV Silver,Honda,2.4 LT,SUV,Silver
P10357,1.2 LT Coupe Gunmetal,Acura,1.2 LT,Coupe,Silver
P10358,2.2 LT Hatchback Red,Toyota,2.2 LT,Hatchback,Silver
P10359,2.4 LT Hatchback Red,Kia,2.4 LT,Hatchback,Silver
P10360,2.2 LT Coupe Silver,Audi,2.2 LT,Coupe,White
P10364,1.2 LT SUV Red,Audi,1.2 LT,SUV,Gunmetal
P10365,2.4 LT SUV Grey,Acura,2.4 LT,SUV,Silver
P10366,2.2 LT Hatchback White,Lexus,2.2 LT,Hatchback,Gunmetal
P10374,1.4 LT Sedan Gunmetal,Benz,1.4 LT,Sedan,Red
P10375,2.4 LT Hatchback Gunmetal,Kia,2.4 LT,Hatchback,Gunmetal
P10376,1.2 LT Coupe Silver,Toyota,1.2 LT,Coupe,Gunmetal
P10377,1.4 LT Coupe White,Toyota,1.4 LT,Coupe,Red
P10378,2.2 LT SUV Gunmetal,Lexus,2.2 LT,SUV,Silver
P10379,1.4 LT Sedan White,Lexus,1.4 LT,Sedan,Red
P10380,1.2 LT Coupe Red,Lexus,1.2 LT,Coupe,Grey
P10381,1.2 LT Hatchback Grey,Acura,1.2 LT,Hatchback,Grey
P10382,1.2 LT Sedan White,Toyota,1.2 LT,Sedan,White
P10383,1.2 LT Sedan Grey,BMW,1.2 LT,Sedan,Silver
P10384,1.2 LT Coupe Red,Kia,1.2 LT,Coupe,Red
P10385,1.2 LT SUV White,Kia,1.2 LT,SUV,Grey
P10386,1.4 LT Coupe Grey,Benz,1.4 LT,Coupe,Silver
P10387,1.4 LT Sedan Grey,BMW,1.4 LT,Sedan,Gunmetal
P10388,1.4 LT SUV Grey,Acura,1.4 LT,SUV,White
P10389,1.4 LT Hatchback Silver,Honda,1.4 LT,Hatchback,White
P10390,2.2 LT Hatchback Gunmetal,Honda,2.2 LT,Hatchback,Red
P10391,1.2 LT Coupe Red,Acura,1.2 LT,Coupe,Red
P10392,1.4 LT SUV Red,Kia,1.4 LT,SUV,White
P10393,2.4 LT Coupe Gunmetal,Toyota,2.4 LT,Coupe,Red
P10394,2.4 LT Sedan Gunmetal,Audi,2.4 LT,Sedan,Silver
P10395,2.2 LT Coupe Grey,Kia,2.2 LT,Coupe,Grey
P10396,2.4 LT Coupe White,BMW,2.4 LT,Coupe,Grey
P10397,1.4 LT Coupe White,BMW,1.4 LT,Coupe,White
P10398,2.2 LT Sedan Red,Honda,2.2 LT,Sedan,Silver
P10399,2.2 LT Sedan Silver,Kia,2.2 LT,Sedan,White
P10400,1.2 LT SUV Grey,Toyota,1.2 LT,SUV,Silver
P10401,1.2 LT Hatchback Red,Lexus,1.2 LT,Hatchback,Red
P10407,2.2 LT Coupe Red,BMW,2.2 LT,Coupe,Silver
P10408,2.2 LT SUV Red,Kia,2.2 LT,SUV,Gunmetal
P10409,1.4 LT Sedan Red,Audi,1.4 LT,Sedan,White
P10410,2.2 LT Coupe Red,Kia,2.2 LT,Coupe,Silver
P10411,1.4 LT Sedan Grey,Kia,1.4 LT,Sedan,Grey
P10416,1.2 LT Hatchback White,Audi,1.2 LT,Hatchback,Grey
P10417,2.2 LT SUV White,Honda,2.2 LT,SUV,Silver
P10418,2.2 LT SUV Silver,Benz,2.2 LT,SUV,Red
P10424,1.4 LT Hatchback White,Acura,1.4 LT,Hatchback,White
P10426,2.2 LT Hatchback White,Benz,2.2 LT,Hatchback,Grey
P10427,2.2 LT Sedan Grey,Audi,2.2 LT,Sedan,Grey
P10428,1.4 LT SUV Red,Honda,1.4 LT,SUV,Gunmetal
P10448,1.4 LT Hatchback White,Benz,1.4 LT,Hatchback,Silver
P10449,2.4 LT Hatchback Red,BMW,2.4 LT,Hatchback,Grey
P10450,2.4 LT Sedan Gunmetal,Lexus,2.4 LT,Sedan,Gunmetal
P10451,2.4 LT Coupe Red,BMW,2.4 LT,Coupe,Red
P10454,2.4 LT SUV Grey,Acura,2.4 LT,SUV,Red
P10455,1.2 LT Coupe Red,Kia,1.2 LT,Coupe,Grey
P10456,1.4 LT Sedan Gunmetal,Acura,1.4 LT,Sedan,Red
P10457,1.4 LT Sedan Gunmetal,Acura,1.4 LT,Sedan,White
P10484,1.4 LT Hatchback Red,Acura,1.4 LT,Hatchback,Red
P10486,2.4 LT Coupe Gunmetal,Benz,2.4 LT,Coupe,White
P10487,1.4 LT SUV Gunmetal,Toyota,1.4 LT,SUV,Gunmetal
P10488,2.4 LT Coupe Silver,Lexus,2.4 LT,Coupe,Red
P10489,1.2 LT Sedan Red,Benz,1.2 LT,Sedan,Silver
P10490,2.2 LT Coupe White,BMW,2.2 LT,Coupe,White
P10491,1.4 LT Coupe Gunmetal,Kia,1.4 LT,Coupe,Gunmetal
P10492,1.2 LT Hatchback White,Toyota,1.2 LT,Hatchback,Red
P10493,2.4 LT SUV Red,Benz,2.4 LT,SUV,Grey
P10494,1.2 LT Sedan Red,Acura,1.2 LT,Sedan,Gunmetal
P10495,2.2 LT SUV Grey,BMW,2.2 LT,SUV,Gunmetal
P10502,1.2 LT Sedan Grey,Honda,1.2 LT,Sedan,Red
P10506,2.4 LT Sedan Red,Honda,2.4 LT,Sedan,Red
P10509,1.4 LT SUV White,Toyota,1.4 LT,SUV,White
P10510,2.4 LT Hatchback White,Acura,2.4 LT,Hatchback,Grey
P10511,1.4 LT Coupe Gunmetal,Acura,1.4 LT,Coupe,Red
P10514,1.2 LT Coupe Gunmetal,BMW,1.2 LT,Coupe,Grey
P10515,1.4 LT Hatchback Silver,BMW,1.4 LT,Hatchback,White
P10516,1.2 LT Hatchback White,Honda,1.2 LT,Hatchback,Red
P10517,2.4 LT SUV Gunmetal,Toyota,2.4 LT,SUV,Grey
P10519,1.2 LT SUV Gunmetal,Lexus,1.2 LT,SUV,Red
P10521,1.4 LT Coupe Gunmetal,Lexus,1.4 LT,Coupe,Red
P10522,1.4 LT SUV White,Lexus,1.4 LT,SUV,White
P10523,2.4 LT SUV Grey,BMW,2.4 LT,SUV,Red
P10526,1.4 LT Hatchback Silver,Benz,1.4 LT,Hatchback,White
P10529,2.2 LT Coupe White,BMW,2.2 LT,Coupe,Grey
P10532,1.4 LT Hatchback White,Audi,1.4 LT,Hatchback,Silver
P10533,2.2 LT Coupe Gunmetal,BMW,2.2 LT,Coupe,Grey
P10540,2.4 LT Sedan Red,BMW,2.4 LT,Sedan,Gunmetal
P10541,2.2 LT SUV White,Honda,2.2 LT,SUV,Grey
P10542,2.4 LT Hatchback Red,Audi,2.4 LT,Hatchback,Gunmetal
P10543,1.2 LT Coupe White,Honda,1.2 LT,Coupe,Gunmetal
P10544,2.2 LT Sedan Red,Benz,2.2 LT,Sedan,Red
P10545,2.4 LT Hatchback Red,Lexus,2.4 LT,Hatchback,Grey
P10548,1.4 LT SUV Gunmetal,Honda,1.4 LT,SUV,White
P10549,2.4 LT Coupe Silver,Toyota,2.4 LT,Coupe,Grey
P10550,2.2 LT SUV Gunmetal,Toyota,2.2 LT,SUV,Grey
P10551,1.2 LT Hatchback Gunmetal,BMW,1.2 LT,Hatchback,White
P10552,1.4 LT Coupe Red,Toyota,1.4 LT,Coupe,White
P10553,2.4 LT SUV Gunmetal,Acura,2.4 LT,SUV,Grey
P10554,2.2 LT Coupe Red,Toyota,2.2 LT,Coupe,Silver
P10558,2.4 LT Coupe Silver,Honda,2.4 LT,Coupe,Grey
P10559,2.2 LT Hatchback White,Honda,2.2 LT,Hatchback,Gunmetal
P10563,2.4 LT Coupe Gunmetal,Lexus,2.4 LT,Coupe,Gunmetal
P10564,1.2 LT Hatchback Silver,BMW,1.2 LT,Hatchback,Grey
P10569,1.2 LT Hatchback White,BMW,1.2 LT,Hatchback,Grey
P10570,2.2 LT SUV Silver,Benz,2.2 LT,SUV,Silver
P10571,1.4 LT SUV Grey,Lexus,1.4 LT,SUV,Silver
P10572,2.4 LT Coupe Gunmetal,BMW,2.4 LT,Coupe,Grey
P10573,2.2 LT Hatchback Grey,Kia,2.2 LT,Hatchback,Gunmetal
P10574,2.4 LT Sedan Silver,Benz,2.4 LT,Sedan,White
P10576,1.2 LT Sedan Grey,Acura,1.2 LT,Sedan,Grey
